{
  "gamma": 2.420644596658119,
  "eta": 0.15413582452173993,
  "ucb_alpha": 0.22205067794896363,
  "gnn_layers": 1.8320567246544552
}